Row;SYN-based;DATA-based;ACK-based
16074;0;1;1
35787;1;1;1
28999;1;1;1
55293;1;1;1
11383;1;1;1
197859;1;1;1
201722;1;1;1
51065;1;1;1
12701;1;0;0
12703;1;1;1
22001;1;1;1
60351;1;1;1
60357;1;1;1
27285;0;1;1
57724;1;1;1
6798;1;1;1
51608;1;1;1
32787;1;1;1
60822;1;1;1
21101;1;1;1
21108;1;1;1
43989;1;1;1
198830;1;1;1
44981;1;1;1
31242;1;1;1
17252;1;1;1
34347;1;1;1
43503;1;1;1
20746;1;1;1
17033;1;1;1
20740;1;1;1
132727;1;1;1
24880;1;0;1
201942;1;1;1
101;1;1;1
39923;1;1;1
4812;1;1;1
4816;1;1;1
36444;1;1;1
16814;1;1;1
12129;1;1;1
57507;1;1;1
204642;1;1;1
53605;1;1;1
197695;1;1;1
197696;1;1;1
199547;1;1;1
40988;1;1;1
24088;1;1;1
42831;1;1;1
22878;1;1;1
33070;1;1;1
198128;1;1;1
41231;1;1;1
41230;1;1;1
48362;1;1;1
2686;1;1;1
2687;1;1;1
36024;1;1;1
41692;1;1;1
6805;1;1;1
33214;1;1;1
39104;1;1;1
34971;0;1;0
49419;1;1;1
9930;1;1;1
21430;1;1;1
3201;1;1;1
49788;1;1;1
3209;1;1;1
198545;1;1;1
198012;1;1;1
8839;1;1;1
13180;1;1;1
41585;1;1;1
198018;1;1;1
2860;1;1;1
41765;1;1;1
202140;1;1;1
33854;1;1;1
30630;1;1;1
30633;1;1;1
197075;1;1;1
33695;1;1;1
58321;1;1;1
15663;1;1;1
12941;1;1;1
62086;1;1;0
62081;1;1;1
62240;1;1;1
207042;1;1;1
59586;1;1;1
1759;1;1;1
15440;1;1;1
47217;1;0;1
31122;1;1;1
5537;1;1;1
5539;1;1;1
5538;1;1;1
47692;1;1;1
39591;1;1;1
8764;1;1;1
8767;1;1;1
34372;0;1;1
31239;1;1;1
680;1;1;1
12709;1;1;1
12831;1;1;1
201602;1;1;1
12835;1;1;1
12834;1;1;1
34555;1;1;1
8542;1;1;1
5626;1;1;1
48951;1;1;1
8492;1;1;1
28749;1;1;1
8495;1;1;1
28960;1;1;1
28742;1;1;1
10881;1;1;1
11572;1;1;1
197845;1;1;1
199941;1;1;1
35332;1;1;1
55752;1;1;1
35339;1;1;1
61232;1;1;1
60349;1;1;1
43463;1;1;1
26496;1;1;1
21113;1;1;1
57260;1;1;1
3741;1;1;1
41828;1;1;1
51859;1;1;1
13536;1;1;1
16245;1;1;1
11753;1;1;1
31495;1;1;1
16397;1;1;1
201127;1;1;1
20886;1;1;1
14537;1;1;1
56910;1;1;1
25542;1;1;1
39912;1;1;1
174;1;1;1
201955;1;1;1
4826;1;1;1
204096;1;1;1
21286;1;1;1
57069;1;1;1
52030;1;1;1
42331;1;1;1
6364;0;1;1
53340;1;1;1
210324;1;1;1
53292;1;1;1
13193;1;1;1
13194;1;1;1
201367;1;1;1
15879;1;1;1
10578;1;1;1
48423;1;1;1
13060;1;1;1
1610;1;1;1
59827;1;1;1
204274;1;1;1
45090;1;1;1
12954;1;1;1
12956;1;1;1
198203;1;1;1
48047;1;1;1
3356;1;1;1
3352;1;1;1
38182;1;1;1
58683;1;1;1
45899;1;1;1
20068;1;1;1
29802;1;1;1
26094;1;1;1
1764;1;1;1
12480;1;1;1
12481;1;1;1
15456;1;1;1
47205;1;1;1
29598;1;1;1
59554;1;1;1
5505;1;1;1
44453;1;1;1
39582;1;1;1
31590;1;1;1
29119;1;1;1
34305;1;1;1
31208;1;1;1
34309;1;1;1
47518;1;1;1
31570;1;1;1
48943;1;1;1
15290;1;1;1
5617;1;1;1
35146;1;1;1
29601;1;1;1
29608;1;1;1
23287;1;1;1
32491;1;1;1
200147;1;1;1
8445;1;1;1
8447;1;1;1
22390;1;1;1
197308;1;1;1
197872;1;1;1
51048;1;1;1
55039;1;1;1
51043;1;1;1
24776;1;1;1
16125;1;1;1
201099;0;1;1
43854;1;1;1
20621;1;1;1
50522;1;1;1
35456;1;1;1
6774;1;1;1
4755;1;1;1
6772;1;1;1
11290;1;1;1
60800;1;1;1
56450;1;1;1
60804;1;1;1
56672;1;1;1
24956;1;1;1
24951;1;1;1
3754;1;1;1
24953;1;1;1
53999;1;1;1
2200;1;1;1
22905;1;1;1
51134;1;1;1
39906;1;1;1
20896;1;0;0
9500;1;1;1
21385;1;1;1
9505;1;1;1
41960;1;1;1
16347;1;1;1
60798;0;0;1
13293;1;1;1
161;1;1;1
7843;1;1;1
49544;1;1;1
200542;1;1;1
2518;1;1;1
2519;1;1;1
43142;1;1;1
210081;1;0;0
2516;1;1;1
11633;1;1;1
42812;1;1;1
46844;1;1;1
48544;1;1;1
9186;1;1;1
9182;1;1;1
11486;1;1;1
20655;1;1;1
10361;1;1;1
9188;1;1;1
203495;1;1;1
7203;1;1;1
33055;1;1;1
42926;1;1;1
42927;1;1;1
53755;1;1;1
48305;1;1;1
20478;1;1;1
62319;1;1;1
200612;1;1;1
34953;1;1;1
21413;1;1;1
21412;1;1;1
42220;1;1;1
3223;1;1;1
8859;1;1;1
8855;1;1;1
15600;1;1;1
12924;1;1;1
15607;1;1;1
44355;1;1;1
10143;1;1;1
3320;1;1;1
27552;1;1;1
3326;1;1;1
3327;1;1;1
38195;1;1;1
197651;1;1;1
33986;1;1;1
37979;1;1;1
33988;1;1;1
61157;1;1;1
15935;1;1;1
30764;1;1;1
47232;1;1;1
5518;1;1;1
59545;1;1;1
5511;1;1;1
62134;1;1;1
29689;1;1;1
52;1;1;1
29907;1;1;1
62035;1;1;1
15598;1;1;1
8708;1;1;1
31742;1;1;1
47833;1;1;1
47302;1;1;1
50877;1;1;1
35041;1;1;1
5605;1;1;1
5603;1;1;1
5602;1;1;1
12850;1;1;1
12586;1;1;1
16205;1;1;1
35916;1;1;1
35914;1;1;1
35130;1;1;1
29636;1;1;1
31103;1;1;1
22652;1;1;1
35593;1;1;1
14744;1;1;1
8455;1;1;1
48350;1;1;1
201718;1;1;1
47836;1;1;1
48849;1;1;1
50698;1;1;1
6423;1;1;1
48846;1;1;1
6428;1;1;1
6429;1;1;1
24768;1;1;1
50056;1;1;1
39392;1;1;1
55002;1;1;1
50507;0;1;1
24766;1;1;1
7545;1;1;1
22030;1;1;1
16138;1;1;1
51904;1;1;1
25700;1;1;1
35666;1;1;1
198967;1;1;1
12732;0;1;1
12734;1;1;1
12735;1;1;1
43338;1;1;1
43443;1;1;1
6762;1;1;1
39020;1;1;1
32244;1;1;1
24611;1;1;1
12338;1;1;1
25415;1;1;1
25145;1;1;1
25146;1;1;1
25148;1;1;1
46475;1;1;1
57795;1;1;1
24940;1;1;1
12025;1;1;1
32062;1;0;0
12859;1;1;1
31815;1;1;1
43531;1;1;1
42005;1;1;1
8680;1;1;1
42553;1;1;1
42000;1;1;1
43847;1;1;1
43843;1;1;1
201577;1;1;1
6697;1;1;1
30915;1;1;1
60781;1;1;1
158;1;1;1
8685;1;1;1
20860;1;1;1
25563;1;1;1
12428;1;1;1
49088;1;1;1
25560;1;1;1
45011;1;1;1
25569;1;1;1
60071;1;0;1
42313;1;1;1
46506;1;1;1
45638;1;1;1
15714;0;1;1
49335;1;1;1
48200;1;1;1
204053;1;1;1
41695;1;1;1
9197;1;1;1
63410;1;1;1
39806;1;1;1
22822;1;1;1
60475;1;1;1
3786;1;1;1
199480;1;1;1
203489;1;1;1
198772;1;1;1
16477;1;1;1
20912;1;1;1
49425;1;1;1
8866;1;1;1
21409;1;1;1
3252;1;1;1
3254;1;1;1
3257;1;1;1
13243;1;1;1
13249;1;1;1
15612;1;1;1
12931;1;1;1
33885;1;1;1
2856;1;1;1
59796;0;1;1
41552;1;1;1
48596;1;1;1
16276;1;1;1
37963;1;1;1
202069;1;1;1
1126;1;1;1
39369;1;1;1
33951;1;1;1
29134;1;1;1
16371;1;1;1
30600;1;1;1
15584;1;1;1
8737;1;1;1
8735;1;1;1
8732;1;1;1
47536;1;1;1
12593;1;1;1
1239;1;1;1
8285;1;1;1
50196;1;1;1
8283;1;1;1
27715;1;1;1
12843;1;1;1
60294;1;1;1
28717;1;1;1
50463;1;1;1
25973;1;1;1
35908;1;1;1
26615;1;1;1
44901;1;1;1
29624;1;1;1
31178;1;1;1
2830;1;1;1
32475;1;1;1
3801;1;1;1
34613;1;1;1
201766;0;1;1
262254;1;1;1
8469;1;1;1
197328;1;1;1
12445;1;1;1
48854;1;1;1
35698;1;1;1
23393;1;1;1
39384;1;1;1
61337;1;1;1
50515;1;1;1
201200;1;1;1
16101;0;1;1
200960;1;1;1
41564;1;1;1
30962;1;1;1
9942;1;1;1
51335;1;1;1
19024;1;1;1
43948;1;1;1
24973;1;1;1
24971;1;1;1
43940;1;1;1
43942;1;1;1
4618;1;1;1
12052;1;1;1
25394;1;1;1
12696;1;1;1
61323;1;1;1
56270;1;1;1
20161;1;1;1
20708;1;1;1
21874;1;1;1
17506;1;1;1
49524;1;1;1
63061;1;0;1
200107;1;0;0
16365;1;1;1
41943;1;1;1
42300;1;1;1
35467;1;1;1
20676;1;1;1
45629;1;0;0
9165;1;1;1
42161;1;1;1
2153;1;1;1
36803;1;1;1
27482;1;1;1
198186;1;1;1
20454;1;1;1
44388;1;1;1
20900;1;1;1
33724;1;1;1
41412;1;1;1
49983;1;1;1
49453;1;1;1
14992;1;1;1
3249;1;1;1
8875;1;1;1
39702;1;1;1
13097;1;1;1
21473;1;1;1
39706;1;1;1
3246;1;1;1
39704;1;1;1
12301;1;1;1
202524;1;1;1
59810;1;1;1
59816;1;1;1
59147;1;1;1
15623;1;1;1
12902;1;1;1
3308;1;1;1
12460;1;1;1
3302;1;1;1
3303;1;1;1
48072;1;1;1
3301;1;1;1
39636;1;1;1
39637;1;1;1
792;1;1;1
21503;1;1;1
42525;1;1;1
21500;1;1;1
198432;1;1;1
198349;1;1;1
15958;1;1;1
15954;1;1;1
15133;1;1;1
8729;1;1;1
34510;1;1;1
12874;1;1;1
35062;1;1;1
50857;1;1;1
35065;1;1;1
43333;1;1;1
15557;1;1;1
48918;1;1;1
14116;1;1;1
5669;1;1;1
11019;1;1;1
28707;1;1;1
26662;1;1;1
33828;1;1;1
31167;1;1;1
31164;1;1;1
29655;1;1;1
22634;1;1;1
8470;1;1;1
8473;1;1;1
23724;1;1;1
30943;1;1;1
12;1;1;1
12479;1;1;1
7568;1;1;1
24586;1;1;1
24582;1;1;1
28675;1;1;1
28676;1;1;1
61303;1;1;1
31383;1;1;1
28876;1;1;1
43317;1;1;1
4764;1;1;1
4766;1;1;1
32592;1;1;1
4768;1;1;1
28878;1;1;1
13893;0;1;1
60558;1;1;1
24637;1;1;1
16027;0;1;1
19257;1;1;1
8648;1;1;1
209;1;1;1
60494;1;1;1
56863;0;1;1
25160;1;1;1
12042;1;1;1
25369;1;1;1
16595;1;1;0
12684;1;1;1
25761;1;1;1
34470;1;1;1
205072;1;1;1
49532;1;1;1
49535;1;1;1
57136;1;1;1
20847;1;1;1
20845;1;1;1
3491;1;1;1
20694;1;1;1
25504;1;1;1
2529;1;1;1
26277;1;1;1
24961;1;1;1
12312;1;1;1
43171;1;1;1
45187;1;1;1
204038;1;1;1
204035;1;1;1
21263;1;1;1
199352;1;1;1
25180;1;1;1
42208;1;1;1
12260;1;1;1
20981;1;1;1
5391;1;1;1
5397;1;1;1
5396;1;1;1
5394;1;1;1
47110;1;1;1
58791;1;1;1
11807;1;1;1
39737;1;1;1
20115;1;1;1
48666;1;1;1
15734;1;1;1
8881;1;1;1
3;1;1;1
199599;1;1;1
20594;1;1;1
12310;1;1;1
20596;1;1;1
202516;1;1;1
18403;1;1;1
198249;1;1;1
38700;1;1;1
27589;1;1;1
9002;1;1;1
3313;1;1;1
196755;1;1;1
5483;1;1;1
196753;1;1;1
9009;1;1;1
41535;1;1;1
786;1;1;1
57910;1;1;1
39605;1;1;1
395176;1;1;1
20021;1;1;1
13135;1;1;1
15830;1;1;1
15836;1;1;1
10229;1;1;1
202089;1;1;1
39545;1;1;1
62;1;1;1
7792;1;1;1
7029;1;1;1
20868;1;1;1
48484;1;1;1
196752;1;1;1
203201;1;1;1
29396;1;1;1
9008;1;1;1
29422;1;1;1
395954;1;1;1
31027;1;1;1
15547;1;1;1
15541;1;1;1
8265;1;1;1
5650;1;1;1
206618;1;1;1
50446;1;1;1
47242;1;1;0
15495;1;1;1
15497;1;1;1
1103;1;1;1
23005;1;1;1
31449;1;1;1
48871;1;1;1
8400;1;1;1
51790;1;1;1
50533;1;1;1
12466;1;1;1
30950;1;1;1
50840;1;1;1
50020;1;1;1
6730;1;1;1
8315;1;1;1
23352;1;1;1
34700;1;1;1
8312;1;1;1
43366;1;1;1
6738;1;1;1
6739;1;1;1
8319;1;1;1
19009;1;1;1
24640;1;1;1
24642;1;1;1
24645;1;0;1
32703;1;1;1
22773;1;1;1
25176;1;1;1
38948;1;1;1
51177;1;1;1
12676;1;1;1
200831;1;1;1
43561;1;1;1
6831;1;1;1
19318;1;1;1
49505;1;1;1
50673;1;1;1
36352;1;1;1
16302;1;1;1
36354;1;1;1
42366;1;1;1
26245;1;1;1
60199;1;1;1
20616;1;1;1
46887;1;1;1
57344;1;1;1
58010;1;1;1
21219;1;1;1
7979;1;1;1
15644;0;1;1
21211;1;1;1
21217;1;1;1
396300;1;1;1
12257;1;1;1
204482;1;1;1
1853;1;1;1
204138;1;1;1
20857;1;1;1
30781;1;1;1
203476;1;1;1
2603;1;1;1
20926;1;1;1
9729;1;1;1
3262;1;1;1
3265;1;1;1
21320;1;1;1
3267;1;1;1
3269;1;1;1
197506;1;1;1
3462;1;1;1
8897;1;1;1
8896;1;1;1
8893;1;1;1
33387;1;1;1
203052;1;1;1
12322;1;1;1
12329;1;1;1
13237;1;1;1
41504;1;1;1
33363;1;1;1
30496;1;1;1
9030;1;1;1
197617;1;1;1
7018;1;1;1
9198;1;1;1
29097;1;1;1
40900;1;1;1
21362;1;0;0
44485;1;1;1
39611;1;1;1
29252;1;1;1
18501;1;1;1
13127;1;1;1
13122;1;1;1
198414;1;1;1
34282;1;1;1
6882;1;1;1
39537;1;1;1
33964;1;1;1
33965;1;1;1
59507;1;1;1
14313;1;1;1
27446;1;1;1
59699;1;1;1
7162;1;1;1
394308;1;1;1
29419;1;1;1
29413;1;1;1
47610;1;1;1
31521;1;1;1
8075;1;1;1
1200;1;1;1
40676;1;1;1
15570;1;1;1
59432;1;1;1
30818;1;1;1
47583;1;1;1
5645;1;1;1
50300;1;1;1
50304;1;1;1
29075;1;1;1
29076;1;1;1
31638;1;1;1
23033;1;1;1
31147;1;1;1
47720;1;1;1
22611;1;1;1
22612;1;1;1
13789;1;1;1
28299;1;1;1
47297;1;1;1
197352;1;1;1
34660;1;1;1
35393;1;1;1
6461;1;1;1
51013;1;1;1
12414;1;1;1
31034;1;1;1
35000;1;1;1
35006;1;1;1
14175;1;1;1
34714;1;1;1
8304;1;1;1
6724;1;1;1
28854;1;1;1
35625;1;1;1
8308;1;1;1
32934;1;1;1
204958;1;1;1
51300;1;0;0
8262;1;1;1
39263;1;1;0
201682;1;1;1
19271;1;1;1
43578;1;1;1
43800;1;1;1
56534;1;1;1
17225;1;1;1
17227;1;1;1
17226;1;1;1
21068;1;1;1
16316;1;1;1
19875;1;1;1
204631;1;1;1
43976;1;1;1
49604;1;1;1
200799;1;1;1
9150;1;1;1
200794;1;1;1
49609;1;1;1
205544;1;1;1
17139;1;1;1
204121;1;1;1
21197;1;0;1
42739;1;1;1
49289;1;1;1
42228;1;1;1
43602;1;1;1
12083;1;1;1
42730;1;1;1
49282;1;1;1
200487;1;1;1
200480;1;1;1
62341;1;1;1
2611;1;1;1
200669;1;1;1
20485;1;1;1
48399;1;1;1
49265;1;1;1
10796;1;1;1
30427;1;1;1
63297;1;1;1
3292;1;1;1
855;1;1;1
54823;1;1;1
62904;1;1;1
204546;1;1;1
41998;1;1;1
53850;1;1;1
8368;1;1;1
12334;1;1;1
12337;1;1;1
41334;1;1;1
12331;1;1;1
12333;1;1;1
45014;1;1;1
44548;1;1;1
198063;1;1;1
45012;0;0;1
133115;0;1;1
395082;1;1;1
44013;1;1;1
40065;1;1;1
29082;1;0;0
20559;1;1;1
29085;1;0;0
9023;1;1;1
9022;1;1;1
13113;1;1;1
44160;1;1;1
8937;1;1;1
15817;1;1;1
12813;1;1;1
15149;1;1;1
6893;1;1;1
18779;1;1;1
24334;1;1;1
6898;1;1;1
33915;1;1;1
29405;1;1;1
54046;1;1;1
27475;1;1;1
31736;1;1;1
57809;1;1;1
30152;1;1;1
33597;1;1;1
31287;1;1;1
12886;1;1;1
34010;1;1;1
1273;1;1;1
47605;1;1;1
44942;1;1;1
11042;1;1;1
44946;1;1;1
39290;1;1;1
44949;1;1;1
34385;1;1;1
24482;1;1;1
8245;1;1;1
29668;1;1;1
15960;1;1;1
15961;1;1;1
40244;1;1;1
29063;1;1;1
15966;1;1;1
15967;1;1;1
47264;1;1;1
8641;1;1;1
31463;1;1;1
23201;1;1;1
34655;1;0;1
8422;1;1;1
35706;1;1;1
50957;1;1;1
28917;1;1;1
50481;1;1;1
50482;1;1;1
31197;1;1;0
48815;1;1;1
9891;0;1;1
5580;1;1;1
30933;1;1;1
12400;1;1;1
15366;1;1;1
5588;1;1;1
35017;1;1;1
25820;1;1;1
31510;1;1;1
7753;1;1;1
26405;1;1;1
47136;1;1;1
8339;1;1;1
13684;1;1;1
51373;1;1;1
15211;1;1;1
4134;1;1;1
12539;1;1;1
5693;1;1;1
39271;1;1;1
50173;1;1;1
38927;1;1;1
197949;1;1;1
41913;1;1;1
32097;1;1;1
16095;1;1;1
16097;1;1;1
16096;1;1;1
25227;1;1;1
6663;1;1;1
6661;1;1;1
6667;1;1;1
12655;1;1;1
5432;1;1;1
16148;0;1;1
16141;1;1;1
25532;0;0;1
63997;1;1;1
17547;1;1;1
21058;1;1;1
21056;1;1;1
21054;1;1;1
42345;1;1;1
43128;0;1;1
27310;1;1;1
6734;1;1;1
24931;1;1;1
8311;1;1;1
9121;1;1;1
21232;1;1;1
49677;1;1;1
2593;1;1;1
20634;1;1;1
201814;1;1;1
25229;1;1;1
396362;1;1;1
60158;1;1;1
4943;0;0;1
2119;1;1;1
20836;1;1;1
2110;1;1;1
2116;1;1;1
203412;1;1;1
49494;1;1;1
20940;1;1;1
53264;1;1;1
17054;1;1;1
49709;1;1;1
21309;1;1;1
1916;1;1;1
13213;1;1;1
44716;1;1;1
41369;1;1;1
199256;1;1;1
12348;1;1;1
42652;1;1;1
57367;1;1;1
36937;1;1;1
196763;1;1;1
41075;1;1;1
48038;1;1;1
53667;1;1;1
34867;1;1;1
34863;1;1;1
9050;1;1;1
21548;1;1;1
198385;1;1;1
29278;1;1;1
10406;1;1;1
7506;1;1;1
21547;1;1;1
58291;1;1;1
20495;1;1;1
8925;1;1;1
54489;1;1;1
13101;1;1;1
8928;1;1;1
6856;1;1;1
34263;1;1;1
34261;1;1;1
29182;1;1;1
48729;1;1;1
71;1;1;1
207176;1;1;1
203329;1;1;1
15776;1;1;1
29470;1;1;1
31727;1;1;1
1680;1;1;1
8257;1;1;1
8251;1;1;1
34006;1;1;1
8788;1;1;1
59414;1;1;1
15510;1;1;1
15515;1;1;1
31611;1;1;1
29695;1;1;1
29691;1;1;1
197019;1;1;1
29050;1;1;1
15994;1;1;1
8652;1;1;1
8657;1;1;1
1313;1;1;1
8437;1;1;1
31477;1;1;1
12437;1;1;1
24785;1;1;1
15426;1;1;1
24780;1;1;1
51561;1;1;1
48825;1;1;1
48823;1;1;1
15589;1;1;1
206228;1;1;1
31052;1;1;1
33047;0;1;1
393676;1;1;1
55081;1;1;1
35359;1;0;0
34738;1;0;1
26415;1;1;1
43350;1;1;1
34735;1;0;0
47147;1;1;1
201330;1;1;1
201333;1;1;1
24679;1;1;1
39242;1;1;1
55423;1;0;0
35283;1;1;1
206135;1;1;1
38930;1;1;1
197954;1;1;1
6677;1;1;1
16082;1;1;1
16080;1;1;1
35518;1;1;1
16086;1;1;1
12649;1;1;1
27257;1;1;1
51184;1;1;1
51185;1;1;1
43758;1;1;1
15401;1;1;1
197395;1;1;1
43289;1;1;1
50613;1;1;1
51964;1;1;1
19693;1;1;1
43139;1;1;1
10912;1;1;1
10913;1;1;1
7922;1;1;1
17444;1;1;1
9135;1;1;1
28716;1;1;1
10310;1;1;1
2588;1;1;1
60144;1;1;1
13354;1;1;1
25252;1;1;1
25255;1;1;1
57485;1;1;1
41849;1;1;1
45544;1;1;1
198710;1;1;1
24817;1;1;1
49063;1;1;1
20804;1;1;1
2107;1;1;1
2639;1;1;1
20794;1;1;1
20792;0;1;1
200448;1;1;1
44700;1;1;1
203882;1;1;1
46562;1;1;1
199246;1;1;1
200043;1;1;1
203060;0;1;1
12355;1;1;1
45031;1;1;1
45037;1;1;1
198045;1;1;1
196714;1;1;1
198047;1;1;1
39647;1;1;1
20570;1;1;1
48287;1;1;1
9044;1;1;1
3549;1;1;1
260;1;1;1
18530;1;1;1
11845;1;1;1
44632;1;1;1
53589;1;1;1
51873;1;1;1
15169;1;1;1
33932;1;1;1
766;1;1;1
29863;1;1;1
36351;1;1;1
15763;1;1;1
6871;1;1;1
8926;1;1;1
47841;1;1;1
29468;1;1;1
11870;1;1;1
47846;1;1;1
37611;1;1;1
13009;1;1;1
18229;1;1;1
8220;1;1;1
8224;1;1;1
30823;1;1;1
31263;1;1;1
29998;1;1;1
14585;1;1;1
33808;1;1;1
39479;1;1;1
14743;1;1;1
20207;1;1;1
15699;1;1;1
17858;1;1;1
20202;1;1;1
29686;1;1;1
15693;1;1;1
15691;1;1;1
15694;1;1;1
47447;1;1;1
29049;1;1;1
29518;1;1;1
15987;1;1;1
15981;1;1;1
34106;1;0;1
31400;1;1;1
31404;1;1;1
12422;1;1;1
6903;1;1;1
8687;1;1;1
6900;1;1;1
15348;1;1;1
1257;1;1;1
31067;1;1;1
38277;1;1;1
60481;0;1;1
31319;1;1;1
22552;1;0;0
50599;1;1;1
31083;1;1;1
12511;1;1;1
24446;1;1;1
32413;1;1;1
197922;1;1;1
12637;1;1;1
35501;1;0;1
35699;1;1;1
26334;1;0;0
50606;1;1;1
50607;1;1;1
60955;1;1;1
201011;1;1;1
21034;1;1;1
196819;1;1;1
42418;1;1;1
12182;1;1;1
12741;1;1;1
201474;1;1;1
19994;1;1;1
32748;1;1;1
204689;1;1;1
9104;1;1;1
49653;1;1;1
25248;1;1;1
16988;1;1;1
60175;1;1;1
42708;1;1;1
205379;1;1;1
20819;1;1;1
42093;1;1;1
24864;1;1;1
24869;1;1;1
20811;1;1;1
57168;1;1;1
9145;1;1;1
20141;1;1;1
48635;1;1;1
20783;1;1;1
25653;1;1;1
64252;1;1;1
9211;1;1;1
12360;1;1;1
44735;1;1;1
42184;1;1;1
4851;1;1;1
42673;1;1;1
44286;1;1;1
9070;1;1;1
199509;1;1;1
21565;1;1;1
41381;1;1;1
36666;1;1;1
203437;1;1;1
204358;1;1;1
11857;1;1;1
2914;1;1;1
18676;1;1;1
719;1;1;1
1267;1;1;1
29854;1;1;1
38040;1;1;1
31115;1;1;1
2857;1;1;1
29452;1;1;1
44512;1;1;1
40015;1;1;1
198291;1;1;1
30676;1;1;1
8234;1;1;1
11537;1;1;1
2828;1;1;1
12980;1;0;1
35994;1;1;1
12989;1;1;1
31673;1;1;1
31679;1;1;1
34240;1;1;1
29522;1;1;1
9085;1;1;1
29037;1;1;1
34119;1;1;1
197155;1;1;1
18106;1;1;1
18101;1;1;1
15404;1;1;1
6939;1;1;1
44869;1;1;1
197013;1;1;1
26753;1;1;1
5578;1;1;1
206207;1;1;1
31078;1;1;1
29141;1;1;1
29140;1;1;1
23148;1;1;1
50292;1;1;1
21451;1;1;1
15685;1;1;1
394497;1;1;1
34752;1;1;1
34756;1;1;1
51430;1;1;1
39227;1;1;1
16535;1;1;1
56173;1;1;1
25301;1;1;1
12620;1;1;1
61097;1;1;1
31898;1;1;1
6619;1;1;1
16218;0;1;1
13768;1;1;1
10846;1;1;1
51233;1;1;1
13767;1;1;1
13760;1;1;1
48408;1;1;1
60945;1;1;1
39138;1;1;1
63949;1;1;1
21021;1;1;1
31241;1;1;1
60380;1;1;1
42463;1;1;1
16191;1;1;1
43939;1;1;1
43424;1;1;1
9119;1;1;1
57533;1;1;1
25279;1;1;1
9116;1;1;1
6453;1;1;1
21155;1;1;1
41325;1;1;1
198849;1;1;1
46296;1;1;1
198843;1;1;1
42263;1;1;1
198847;1;1;1
199081;1;1;1
24875;1;1;1
57154;1;1;1
39790;1;1;1
49733;1;1;1
42289;1;1;1
9208;1;1;1
137;1;1;1
15894;1;1;1
20773;1;1;1
7385;1;1;1
12371;1;1;1
36473;1;1;1
12374;1;1;1
10834;1;1;1
62949;1;1;1
9680;1;1;1
12179;1;1;1
9063;1;1;1
9066;1;1;1
41000;1;1;1
45839;1;1;1
29208;1;1;1
41391;1;1;1
48517;1;1;1
13157;1;1;1
13156;1;1;1
33494;1;1;1
3561;1;1;1
60610;1;1;1
57866;1;1;1
207029;1;1;1
36057;1;1;1
203424;1;1;1
29311;1;0;1
15746;1;1;1
41135;1;1;1
15743;1;1;1
44476;1;1;1
6859;1;1;1
701;1;1;1
702;1;1;1
27435;1;1;1
20426;1;1;1
48173;1;1;1
31500;1;1;1
20677;1;1;1
35928;1;1;1
29446;1;1;1
44050;1;1;1
30447;1;1;1
59447;1;1;1
8758;1;1;1
47889;1;1;1
30844;1;1;1
15529;1;0;1
30848;1;1;1
59919;1;1;1
31246;1;1;1
8201;1;1;1
12996;1;1;1
50352;1;1;1
28791;1;1;1
41733;1;1;1
29535;1;1;1
5404;1;1;1
5403;1;1;1
5400;1;1;1
197022;1;1;1
34694;1;1;1
27647;1;1;1
15415;1;1;1
15412;1;1;1
5541;1;1;1
29152;1;1;1
8596;1;0;0
8595;1;1;1
34762;1;1;1
47178;1;1;1
35366;1;1;1
47372;1;1;1
12578;1;1;1
48983;1;1;1
50138;1;1;1
51400;1;1;1
31424;1;1;1
50919;1;1;1
16509;1;1;1
25310;1;1;1
33843;1;1;1
6623;1;1;1
51717;1;1;1
39122;1;1;1
50629;1;1;1
39120;1;1;1
60973;0;1;1
50621;1;1;1
51088;1;1;1
25002;1;1;1
21013;1;1;1
42473;1;1;1
35415;1;1;1
4713;1;0;1
12762;1;0;0
25488;1;1;1
197902;1;1;1
16297;1;1;1
201102;1;1;1
27357;1;1;1
25260;1;1;1
61189;1;1;1
199181;1;1;1
2711;1;1;1
16273;1;1;1
17676;1;1;1
24990;1;1;1
24992;1;1;1
200185;1;1;1
4678;1;1;1
13567;1;1;1
393954;1;1;1
64098;1;1;1
43071;1;1;1
41508;1;1;1
39783;1;1;1
24192;1;1;1
7393;1;1;1
48347;1;1;1
48617;1;1;1
22923;1;1;1
22927;1;1;1
60023;1;1;1
17012;1;1;1
20764;1;1;1
53824;1;1;1
12389;1;1;1
6315;1;1;1
199213;1;1;1
42610;0;1;0
48500;1;1;1
62282;1;1;1
17707;1;1;1
9304;1;1;1
20507;1;1;1
48096;1;1;1
3573;1;1;1
8968;1;1;1
198102;1;1;1
59674;1;1;1
198320;1;0;0
41108;1;1;1
48166;1;1;1
34913;1;1;1
57858;1;1;1
197589;1;1;1
57854;1;1;1
8816;1;1;1
13039;1;1;1
13037;1;1;1
13030;1;1;1
8218;1;1;1
29944;1;1;1
15085;1;1;1
8741;1;1;1
47886;1;1;1
202161;0;1;1
33873;1;1;1
29017;1;1;1
29016;1;1;1
5430;1;1;1
29014;1;1;1
29545;1;1;1
203646;1;1;1
3367;1;1;1
3361;1;1;1
34222;1;1;1
31655;1;1;1
34224;1;1;1
56514;1;1;1
23522;1;0;0
8100;1;1;1
35174;1;1;1
327979;1;1;1
31133;1;1;1
51483;1;1;1
31251;1;1;1
207199;1;1;1
5524;1;1;1
29169;1;1;1
62947;1;1;1
34594;1;1;1
15576;1;1;1
206868;1;1;1
8362;1;1;1
8364;1;1;1
34779;1;1;1
34572;1;1;1
12541;1;1;1
8560;1;1;1
5385;1;1;1
197226;1;1;0
48971;1;1;1
34683;1;1;1
35776;1;1;1
7473;1;1;1
7474;1;1;1
28768;1;1;1
43088;1;1;1
26347;1;1;1
51701;1;1;1
51708;1;0;0
16154;1;1;1
4015;0;1;1
24724;1;1;1
48886;1;1;1
19541;1;1;1
12775;1;1;1
35425;1;1;1
12778;1;1;1
12779;1;1;1
43404;1;1;1
57739;1;1;1
31222;1;1;1
201446;1;1;1
286;1;1;1
21176;1;1;1
205729;1;1;1
25291;1;1;1
32025;1;1;1
203380;1;1;1
25459;1;1;1
25106;1;1;1
2497;1;1;1
8879;1;1;1
43061;1;1;1
24851;1;1;1
49024;1;1;1
17020;1;1;1
42910;1;1;1
20751;1;1;1
20756;1;1;1
20755;1;1;1
4802;1;1;1
16868;1;1;1
42622;1;1;1
36327;1;1;1
36454;1;1;1
12392;1;1;1
45102;1;1;1
48571;1;1;1
393398;1;1;1
48579;1;1;1
59842;1;1;1
204253;1;1;1
54540;1;1;1
42821;1;1;1
29222;1;1;1
39686;0;1;1
5089;1;1;1
8953;1;1;1
49685;1;1;1
198139;1;1;1
15525;1;1;1
9790;1;1;1
36114;1;1;1
40196;1;1;1
15720;1;1;1
6830;1;1;1
15726;1;1;1
196668;1;1;1
34960;1;1;1
33260;1;0;1
58269;1;1;1
51468;1;1;1
14630;0;1;1
3215;1;1;1
3216;1;1;1
3212;1;1;1
197595;1;1;1
39759;1;1;1
8820;1;1;1
13043;1;0;0
18915;1;1;1
13045;1;1;1
8778;1;1;1
29488;1;1;1
29485;1;1;1
2818;1;1;1
33848;1;1;1
15657;1;1;1
17819;1;1;1
3175;1;1;1
12971;1;1;1
29550;1;1;1
29551;1;1;1
30795;1;1;1
58466;1;1;1
47408;1;1;1
29791;1;1;1
34216;1;0;1
29828;1;1;1
47406;1;1;1
31686;1;1;1
13951;1;1;1
5521;1;1;1
39326;1;1;1
28685;1;1;1
206274;1;1;1
15472;1;1;1
9137;1;1;1
12540;1;1;1
14415;1;1;1
1299;1;1;1
31229;1;1;1
30083;1;1;1
49855;1;1;1
29449;1;1;1
47195;1;1;1
8391;1;1;1
8553;1;1;1
12552;1;1;1
8551;1;1;1
8554;1;1;1
12559;1;1;1
34549;1;1;1
34548;1;1;1
9381;1;1;1
39218;1;0;0
30889;1;1;1
28753;1;1;1
34146;1;1;1
